Volcano Number,Volcano Name,Eruption Number,Eruption Category,Area of Activity,VEI,VEI Modifier,Start Year Modifier,Start Year,Start Year Uncertainty,Start Month,Start Day Modifier,Start Day,Start Day Uncertainty,Evidence Method (dating),End Year Modifier,End Year,End Year Uncertainty,End Month,End Day Modifier,End Day,End Day Uncertainty,Latitude,Longitude
357040,Planchon-Peteroa,22297,Confirmed Eruption,,1,,,2018,,11,,7,,Historical Observations,,2019,,5,,7,1,-35.223,-70.568
357070,"Chillan, Nevados de",22119,Confirmed Eruption,Nicanor crater,2,,,2016,,1,,8,,Historical Observations,>,2021,,8,,19,,-36.868,-71.378
355100,Lascar,22110,Confirmed Eruption,,2,,,2015,,10,,30,,Historical Observations,,2017,,4,,2,1,-23.37,-67.73
358020,Calbuco,21076,Confirmed Eruption,,4,,,2015,,4,,22,,Historical Observations,,2015,,5,,26,,-41.33,-72.618
357120,Villarrica,20996,Confirmed Eruption,,1,,,2014,,12,,2,7,Historical Observations,>,2021,,8,,13,,-39.42,-71.93
357120,Villarrica,20838,Confirmed Eruption,,1,,,2013,,7,,25,,Historical Observations,,2013,,7,?,29,,-39.42,-71.93
355100,Lascar,20789,Confirmed Eruption,,1,,,2013,,4,,2,,Historical Observations,,2013,,11,,20,,-23.37,-67.73
357120,Villarrica,20837,Uncertain Eruption,,1,,,2012,,11,,14,,Historical Observations,,2012,,11,?,14,,-39.42,-71.93
357091,Callaqui,20755,Uncertain Eruption,,,,,2012,,1,,2,,Historical Observations,,2012,,1,,2,,-37.92,-71.45
358057,"Hudson, Cerro",20770,Confirmed Eruption,S and SE edge of the caldera,2,,,2011,,10,,26,,Historical Observations,,2011,,11,,1,,-45.9,-72.97
357150,Puyehue-Cordon Caulle,20809,Confirmed Eruption,"Cordón Caulle, N of the 1960 eruption fissure",5,,,2011,,6,,4,,Historical Observations,,2012,,4,?,21,,-40.59,-72.117
357040,Planchon-Peteroa,20808,Confirmed Eruption,Peteroa,3,,,2011,,2,,17,,Historical Observations,,2011,,6,,26,1,-35.223,-70.568
357040,Planchon-Peteroa,11947,Confirmed Eruption,Peteroa,2,,,2010,,9,,6,,Historical Observations,,2010,,10,,13,,-35.223,-70.568
357120,Villarrica,12184,Confirmed Eruption,,1,,,2009,,11,,22,,Historical Observations,,2012,,4,,20,,-39.42,-71.93
357120,Villarrica,12183,Confirmed Eruption,,1,,,2009,,1,,29,,Historical Observations,,2009,,3,?,24,,-39.42,-71.93
357091,Callaqui,11998,Uncertain Eruption,,,,,2009,,1,,22,,,,2009,,1,,22,,-37.92,-71.45
357070,"Chillan, Nevados de",11993,Uncertain Eruption,,,,,2009,,1,,21,,,,2009,,1,,22,,-36.868,-71.378
357120,Villarrica,12182,Confirmed Eruption,,1,,,2008,,10,,26,,Historical Observations,,,,,,,,-39.42,-71.93
358041,Chaiten,12271,Confirmed Eruption,,4,,,2008,,5,,2,,Historical Observations,,2011,,5,,31,3,-42.833,-72.646
357110,Llaima,12077,Confirmed Eruption,Summit and upper east flank,3,,,2008,,1,,1,,Historical Observations,,2009,,6,,12,4,-38.692,-71.729
357110,Llaima,12076,Confirmed Eruption,,2,,,2007,,5,,26,,Historical Observations,,2007,,8,?,8,,-38.692,-71.729
355100,Lascar,11878,Confirmed Eruption,,3,,,2006,,4,,18,,Historical Observations,,2007,,7,?,18,,-23.37,-67.73
355100,Lascar,11877,Confirmed Eruption,,3,?,,2005,,5,,4,,Historical Observations,,2005,,5,,4,,-23.37,-67.73
357120,Villarrica,12181,Confirmed Eruption,,1,,,2004,,8,?,5,,Historical Observations,,2007,,12,?,24,,-39.42,-71.93
355100,Lascar,11876,Uncertain Eruption,,1,,,2003,,12,,9,,,,2003,,12,,9,,-23.37,-67.73
357070,"Chillan, Nevados de",11992,Confirmed Eruption,Saddle between Nuevo & Arrau volcanoes,1,,,2003,,8,,29,,Historical Observations,,2003,,9,,15,5,-36.868,-71.378
357120,Villarrica,12180,Confirmed Eruption,,1,,,2003,,5,?,23,,Historical Observations,,2004,,3,?,25,,-39.42,-71.93
357110,Llaima,12075,Confirmed Eruption,,2,,,2003,,4,,9,,Historical Observations,,2003,,4,>,16,,-38.692,-71.729
355100,Lascar,11875,Confirmed Eruption,,2,,,2002,,10,,26,,Historical Observations,,2002,,10,,27,,-23.37,-67.73
357110,Llaima,12074,Confirmed Eruption,,1,,,2002,,10,,13,12,Historical Observations,,,,,,,,-38.692,-71.729
355100,Lascar,11874,Uncertain Eruption,,,,,2001,,5,?,17,,,,2001,,7,?,5,,-23.37,-67.73
355100,Lascar,11873,Confirmed Eruption,,2,,,2000,,7,,20,,Historical Observations,,2001,,1,?,18,,-23.37,-67.73
357040,Planchon-Peteroa,11946,Confirmed Eruption,,1,,,1998,,11,,18,,Historical Observations,,1998,,11,,21,,-35.223,-70.568
357110,Llaima,12073,Confirmed Eruption,,2,,,1998,,11,,10,3,Historical Observations,,,,,,,,-38.692,-71.729
357110,Llaima,12072,Confirmed Eruption,,2,?,,1998,,4,,3,,Historical Observations,,1998,,4,?,23,,-38.692,-71.729
357120,Villarrica,12179,Confirmed Eruption,,1,,,1998,,2,,24,4,Historical Observations,,2002,,6,?,16,15,-39.42,-71.93
357110,Llaima,12071,Confirmed Eruption,,1,,,1997,,3,?,16,15,Historical Observations,,1997,,10,?,16,15,-38.692,-71.729
355100,Lascar,11872,Confirmed Eruption,,2,,,1996,,10,,18,,Historical Observations,,1996,,10,,18,,-23.37,-67.73
357120,Villarrica,12178,Confirmed Eruption,,1,,,1996,,9,,14,,Historical Observations,,1997,,8,,16,15,-39.42,-71.93
357120,Villarrica,12174,Confirmed Eruption,,1,,,1996,,1,,16,15,Historical Observations,,,,,,,,-39.42,-71.93
357110,Llaima,12070,Confirmed Eruption,,2,?,,1995,,10,,13,,Historical Observations,,1995,,10,>,22,,-38.692,-71.729
357120,Villarrica,12173,Confirmed Eruption,,1,,,1995,,4,,15,5,Historical Observations,,1995,,6,>,2,,-39.42,-71.93
355100,Lascar,11871,Confirmed Eruption,,2,,,1994,,11,,13,,Historical Observations,,1995,,7,,20,,-23.37,-67.73
357120,Villarrica,12172,Confirmed Eruption,,1,,,1994,,9,,26,,Historical Observations,,1994,,12,,30,,-39.42,-71.93
355100,Lascar,11870,Confirmed Eruption,,2,,,1994,,7,,20,,Historical Observations,,1994,,7,,26,,-23.37,-67.73
357110,Llaima,12069,Confirmed Eruption,"SE side summit crater, upper SW flank",2,,,1994,,5,,17,,Historical Observations,,1994,,8,,30,,-38.692,-71.729
357030,Tinguiririca,11924,Uncertain Eruption,,2,,,1994,,1,,15,,,,1994,,1,,15,,-34.814,-70.352
355100,Lascar,11869,Confirmed Eruption,,2,,,1993,,12,,17,,Historical Observations,,1994,,2,,27,,-23.37,-67.73
355100,Lascar,11868,Confirmed Eruption,Western crater of east summit cone,4,,,1993,,1,,30,,Historical Observations,,1993,,8,,16,15,-23.37,-67.73
357120,Villarrica,12171,Confirmed Eruption,,1,,,1992,,9,,11,,Historical Observations,,1992,,12,>,16,15,-39.42,-71.93
357110,Llaima,12068,Confirmed Eruption,,1,,,1992,,8,,23,,Historical Observations,,1992,,9,,2,,-38.692,-71.729
355100,Lascar,11867,Confirmed Eruption,,2,,,1991,,10,,21,,Historical Observations,,1992,,5,?,23,,-23.37,-67.73
357120,Villarrica,12170,Confirmed Eruption,,2,,,1991,,8,,30,,Historical Observations,,1991,,9,,17,,-39.42,-71.93
358057,"Hudson, Cerro",12299,Confirmed Eruption,NW caldera rim and SW caldera floor,5,+,,1991,,8,,8,,Historical Observations,,1991,,10,,27,,-45.9,-72.97
357040,Planchon-Peteroa,11945,Confirmed Eruption,Peteroa,2,,,1991,,2,,9,,Historical Observations,,1991,,3,,2,2,-35.223,-70.568
355100,Lascar,11866,Confirmed Eruption,,1,,,1990,,11,,24,,Historical Observations,,1990,,11,,24,,-23.37,-67.73
357150,Puyehue-Cordon Caulle,12216,Confirmed Eruption,Cordón Caulle,1,,,1990,,7,,2,182,Historical Observations,,,,,,,,-40.59,-72.117
355107,Pular,11843,Uncertain Eruption,,1,?,,1990,,4,,24,,,,1990,,4,,24,,-24.188,-68.054
357110,Llaima,12067,Confirmed Eruption,,1,,,1990,,2,,25,,Historical Observations,,1990,,11,,25,,-38.692,-71.729
357100,Lonquimay,12016,Confirmed Eruption,NE flank (Navidad Crater),3,,,1988,,12,,25,,Historical Observations,,1990,,1,,24,1,-38.379,-71.586
355100,Lascar,11865,Confirmed Eruption,Western crater of east summit cone,3,,,1987,,11,<,16,15,Historical Observations,,1990,,4,,6,,-23.37,-67.73
355100,Lascar,11864,Confirmed Eruption,Western crater of east summit cone,3,,,1986,,9,,14,,Historical Observations,,1986,,9,,16,,-23.37,-67.73
355020,Guallatiri,11822,Uncertain Eruption,,,,,1985,,12,,1,,,,,,,,,,-18.42,-69.092
355100,Lascar,11863,Confirmed Eruption,Western crater of east summit cone,0,,,1984,,12,,16,15,Historical Observations,,1985,,7,,16,15,-23.37,-67.73
357120,Villarrica,12169,Confirmed Eruption,,2,,,1984,,8,,11,,Historical Observations,,1985,,11,,18,,-39.42,-71.93
357110,Llaima,12066,Confirmed Eruption,,2,,,1984,,4,,20,,Historical Observations,,1984,,11,,26,,-38.692,-71.729
357120,Villarrica,12168,Confirmed Eruption,,1,,,1983,,10,,14,,Historical Observations,,1983,,10,,16,,-39.42,-71.93
357091,Callaqui,11997,Confirmed Eruption,,1,,,1980,,10,,16,15,Historical Observations,,1980,,10,,16,15,-37.92,-71.45
357120,Villarrica,12167,Confirmed Eruption,,2,,,1980,,6,,20,,Historical Observations,,1980,,9,,24,,-39.42,-71.93
357110,Llaima,12065,Confirmed Eruption,,2,,,1979,,10,,15,,Historical Observations,,1979,,11,,28,,-38.692,-71.729
357140,Carran-Los Venados,12189,Confirmed Eruption,Mirador,2,,,1979,,4,,14,,Historical Observations,,1979,,5,,20,,-40.35,-72.07
358060,Lautaro,12322,Confirmed Eruption,,2,?,,1979,,3,<,8,,Historical Observations,,,,,,,,-49.019,-73.504
358060,Lautaro,12321,Confirmed Eruption,,1,,,1978,,6,,16,15,Historical Observations,,,,,,,,-49.019,-73.504
357120,Villarrica,12166,Confirmed Eruption,,1,,,1977,,1,,26,,Historical Observations,,1977,,1,,30,,-39.42,-71.93
355100,Lascar,11862,Uncertain Eruption,,1,,,1974,,7,,16,15,,,1974,,9,,16,15,-23.37,-67.73
357070,"Chillan, Nevados de",11991,Confirmed Eruption,Volcán Arrau (SE flank of Volcán Nuevo),2,,,1973,,7,,16,15,Historical Observations,,1986,,7,,2,182,-36.868,-71.378
358020,Calbuco,12263,Confirmed Eruption,,2,,,1972,,8,,26,,Historical Observations,,1972,,8,,26,,-41.33,-72.618
358060,Lautaro,12320,Confirmed Eruption,,1,,,1972,,7,,2,182,Historical Observations,,,,,,,,-49.019,-73.504
357070,"Chillan, Nevados de",11990,Uncertain Eruption,Volcán Nuevo,,,,1972,,7,,2,182,,,,,,,,,-36.868,-71.378
357080,Antuco,19913,Discredited Eruption,,,,,1972,,7,,2,182,,,,,,,,,-37.406,-71.349
355100,Lascar,11861,Uncertain Eruption,,2,?,,1972,,7,,2,182,,,,,,,,,-23.37,-67.73
355090,Putana,11842,Uncertain Eruption,,,,,1972,,7,,2,182,,,,,,,,,-22.557,-67.853
357110,Llaima,12064,Confirmed Eruption,,2,,,1971,,12,,1,30,Historical Observations,,1972,,3,,12,,-38.692,-71.729
357120,Villarrica,12165,Confirmed Eruption,"Summit, NE and SW flanks",2,,,1971,,10,,29,,Historical Observations,,1972,,2,,21,,-39.42,-71.93
358057,"Hudson, Cerro",12298,Confirmed Eruption,NW part of caldera,3,,,1971,,8,,12,,Historical Observations,,1971,,9,>,18,,-45.9,-72.97
355100,Lascar,11860,Confirmed Eruption,,1,,,1969,,5,,16,,Historical Observations,,,,,,,,-23.37,-67.73
357060,"Azul, Cerro",11960,Confirmed Eruption,Quizapu,2,?,,1967,,8,,9,,Historical Observations,,,,,,,,-35.653,-70.761
357040,Planchon-Peteroa,11944,Uncertain Eruption,Peteroa (1889-94 crater),1,?,,1967,,2,,16,15,,,,,,,,,-35.223,-70.568
357070,"Chillan, Nevados de",11989,Uncertain Eruption,Volcán Nuevo,,,,1965,,7,,2,182,,,,,,,,,-36.868,-71.378
357110,Llaima,12063,Confirmed Eruption,,2,,,1964,,7,,2,182,Historical Observations,,,,,,,,-38.692,-71.729
357120,Villarrica,12164,Confirmed Eruption,,2,,,1964,,3,,2,,Historical Observations,,1964,,4,,21,,-39.42,-71.93
357120,Villarrica,12163,Confirmed Eruption,Summit and upper SW flank,3,?,,1963,,2,?,25,,Historical Observations,,1963,,9,>,21,,-39.42,-71.93
357040,Planchon-Peteroa,11943,Confirmed Eruption,Peteroa,1,,,1962,,1,,16,15,Historical Observations,,,,,,,,-35.223,-70.568
358060,Lautaro,12319,Confirmed Eruption,Volcano Uncertain: aerial observation; possibly Lautaro,2,,,1961,,10,,16,15,Historical Observations,,,,,,,,-49.019,-73.504
357120,Villarrica,12162,Confirmed Eruption,,1,,,1961,,7,,2,182,Historical Observations,,,,,,,,-39.42,-71.93
358020,Calbuco,12262,Confirmed Eruption,,3,,,1961,,2,,1,,Historical Observations,,1961,,3,>,26,,-41.33,-72.618
355070,San Pedro-San Pablo,11840,Confirmed Eruption,,2,,,1960,,12,,2,,Historical Observations,,,,,,,,-21.888,-68.391
355020,Guallatiri,11821,Confirmed Eruption,,2,,,1960,,12,,2,,Historical Observations,,,,,,,,-18.42,-69.092
357040,Planchon-Peteroa,11942,Confirmed Eruption,Petoroa (1889-94 crater),1,,,1960,,7,?,10,,Historical Observations,,,,,,,,-35.223,-70.568
357110,Llaima,12062,Uncertain Eruption,,,,,1960,,7,,2,182,,,,,,,,,-38.692,-71.729
355030,Isluga,11826,Uncertain Eruption,,2,?,,1960,,7,,2,182,,,,,,,,,-19.15,-68.83
357120,Villarrica,12161,Uncertain Eruption,,1,?,,1960,,7,,2,182,,,,,,,,,-39.42,-71.93
357150,Puyehue-Cordon Caulle,12215,Confirmed Eruption,Cordón Caulle,3,?,,1960,,5,,24,,Historical Observations,,1960,,7,,30,,-40.59,-72.117
358060,Lautaro,12318,Confirmed Eruption,,2,,,1959,,12,,28,,Historical Observations,,1960,,1,,20,,-49.019,-73.504
355100,Lascar,11859,Confirmed Eruption,,2,,,1959,,11,,16,15,Historical Observations,,1968,,1,>,31,,-23.37,-67.73
357040,Planchon-Peteroa,11941,Confirmed Eruption,Petoroa (1889-94 crater),1,,,1959,,11,,6,,Historical Observations,,,,,,,,-35.223,-70.568
355020,Guallatiri,11820,Confirmed Eruption,,2,,,1959,,7,,15,5,Historical Observations,,,,,,,,-18.42,-69.092
357120,Villarrica,12160,Confirmed Eruption,,1,,,1958,,11,,6,,Historical Observations,,1959,,12,,21,,-39.42,-71.93
357120,Villarrica,12159,Confirmed Eruption,,1,,,1956,,10,,3,,Historical Observations,,1956,,11,,16,45,-39.42,-71.93
357110,Llaima,12061,Confirmed Eruption,Summit and SE crater,3,,,1955,,10,,22,,Historical Observations,,1957,,11,,16,15,-38.692,-71.729
357140,Carran-Los Venados,12188,Confirmed Eruption,Carrán Maar,4,,,1955,,7,,27,,Historical Observations,,1955,,11,,12,,-40.35,-72.07
355100,Lascar,11858,Confirmed Eruption,,2,?,,1954,,6,,16,15,Historical Observations,,1954,,7,,16,15,-23.37,-67.73
355100,Lascar,11857,Confirmed Eruption,East summit crater,2,?,,1951,,11,,16,15,Historical Observations,,1952,,2,,19,,-23.37,-67.73
357120,Villarrica,12158,Uncertain Eruption,,,,,1950,,7,,2,182,,,,,,,,,-39.42,-71.93
357110,Llaima,12060,Confirmed Eruption,,2,,,1949,,9,,0,,Historical Observations,,,,,,,,-38.692,-71.729
357060,"Azul, Cerro",11959,Confirmed Eruption,Quizapu,2,?,,1949,,4,,15,5,Historical Observations,,,,,,,,-35.653,-70.761
357120,Villarrica,12157,Confirmed Eruption,,3,,,1948,,10,,9,,Historical Observations,,1949,,2,,3,,-39.42,-71.93
357120,Villarrica,12156,Confirmed Eruption,,2,?,,1948,,4,,10,,Historical Observations,,,,,,,,-39.42,-71.93
357120,Villarrica,12155,Confirmed Eruption,,1,,,1947,,0,,0,,Historical Observations,,,,,,,,-39.42,-71.93
357110,Llaima,12059,Confirmed Eruption,,2,,,1946,,7,,23,,Historical Observations,,,,,,,,-38.692,-71.729
357070,"Chillan, Nevados de",11988,Confirmed Eruption,Volcán Nuevo,2,?,,1946,,0,,0,,Historical Observations,,1947,,0,,0,,-36.868,-71.378
357110,Llaima,12058,Confirmed Eruption,,3,,,1945,,3,,31,,Historical Observations,,1945,,4,,3,,-38.692,-71.729
358060,Lautaro,12317,Confirmed Eruption,,1,,,1945,,1,,15,45,Historical Observations,,,,,,,,-49.019,-73.504
358020,Calbuco,12261,Confirmed Eruption,,,,,1945,,0,,0,,Historical Observations,,,,,,,,-41.33,-72.618
357070,"Chillan, Nevados de",11987,Uncertain Eruption,Volcán Nuevo,,,,1945,,0,,0,,,,,,,,,,-36.868,-71.378
357110,Llaima,12057,Confirmed Eruption,,2,,,1944,,0,,0,,Historical Observations,,,,,,,,-38.692,-71.729
357110,Llaima,12056,Confirmed Eruption,,2,,,1942,,6,,9,,Historical Observations,,1942,,11,,0,,-38.692,-71.729
357110,Llaima,12055,Confirmed Eruption,,2,,,1941,,6,,23,,Historical Observations,,,,,,,,-38.692,-71.729
357100,Lonquimay,12015,Uncertain Eruption,,,,,1940,,2,,0,,,,,,,,,,-38.379,-71.586
355100,Lascar,11856,Confirmed Eruption,,2,,,1940,,0,,0,,Historical Observations,,,,,,,,-23.37,-67.73
357120,Villarrica,12154,Confirmed Eruption,,2,,,1938,,12,,1,30,Historical Observations,,1939,,2,,1,30,-39.42,-71.93
357110,Llaima,12054,Confirmed Eruption,,1,,,1938,,12,,0,,Historical Observations,,,,,,,,-38.692,-71.729
357040,Planchon-Peteroa,11940,Confirmed Eruption,Peteroa,2,,,1938,,9,,0,,Historical Observations,,1938,,10,,0,,-35.223,-70.568
357120,Villarrica,12153,Uncertain Eruption,,1,?,,1938,,2,,11,,,,,,,,,,-39.42,-71.93
355070,San Pedro-San Pablo,11839,Confirmed Eruption,,2,,,1938,,2,,0,,Historical Observations,,,,,,,,-21.888,-68.391
357091,Callaqui,19917,Uncertain Eruption,,,,,1937,,9,,18,,,,,,,,,,-37.92,-71.45
357130,Mocho-Choshuenco,12186,Confirmed Eruption,El Mocho,,,,1937,,6,,16,,Historical Observations,,,,,,,,-39.927,-72.027
357040,Planchon-Peteroa,11939,Confirmed Eruption,Petoroa (south of 1889-94 crater),2,,,1937,,4,,0,,Historical Observations,,1937,,5,,5,4,-35.223,-70.568
357110,Llaima,12053,Confirmed Eruption,,2,,,1937,,2,?,9,,Historical Observations,,1937,,11,,2,,-38.692,-71.729
357120,Villarrica,12152,Confirmed Eruption,,1,?,,1935,,12,,1,30,Historical Observations,,1936,,6,,27,,-39.42,-71.93
357070,"Chillan, Nevados de",11986,Confirmed Eruption,West flank of Volcán Viejo,2,?,,1935,,7,,2,,Historical Observations,,,,,,,,-36.868,-71.378
357150,Puyehue-Cordon Caulle,12214,Confirmed Eruption,Cordón Caulle,2,,,1934,,3,,6,,Historical Observations,,,,,,,,-40.59,-72.117
357070,"Chillan, Nevados de",11985,Confirmed Eruption,Volcán Nuevo,2,?,,1934,,1,,17,,Historical Observations,,,,,,,,-36.868,-71.378
355100,Lascar,11855,Confirmed Eruption,,2,,,1933,,10,,9,,Historical Observations,,1933,,12,,0,,-23.37,-67.73
358060,Lautaro,12316,Confirmed Eruption,,2,?,,1933,,2,,0,,Historical Observations,,,,,,,,-49.019,-73.504
357120,Villarrica,12151,Confirmed Eruption,,2,,,1933,,1,,5,,Historical Observations,,1933,,1,,18,12,-39.42,-71.93
357100,Lonquimay,12014,Confirmed Eruption,,2,,,1933,,1,,4,,Historical Observations,,,,,,,,-38.379,-71.586
357060,"Azul, Cerro",11958,Confirmed Eruption,Quizapu,2,,,1933,,0,,0,,Historical Observations,,1938,,7,?,25,,-35.653,-70.761
357110,Llaima,12052,Confirmed Eruption,,3,,,1932,,12,,31,,Historical Observations,,1933,,1,,5,,-38.692,-71.729
357050,Descabezado Grande,11948,Confirmed Eruption,Upper NNE slope,3,,,1932,,6,,5,5,Historical Observations,,1933,,0,,0,,-35.58,-70.75
357110,Llaima,12051,Confirmed Eruption,,2,?,,1932,,3,,2,,Historical Observations,,1932,,3,,2,,-38.692,-71.729
358020,Calbuco,12260,Confirmed Eruption,,,,,1932,,0,,0,,Historical Observations,,,,,,,,-41.33,-72.618
357110,Llaima,12050,Confirmed Eruption,,2,,,1930,,7,,6,,Historical Observations,,1930,,8,,20,,-38.692,-71.729
357160,Puntiagudo-Cordon Cenizos,12218,Uncertain Eruption,,,,,1930,,0,,0,,,,,,,,,,-40.969,-72.264
357120,Villarrica,12150,Confirmed Eruption,,1,,,1929,,12,,27,,Historical Observations,,,,,,,,-39.42,-71.93
357110,Llaima,12049,Confirmed Eruption,,2,,,1929,,12,,0,,Historical Observations,,,,,,,,-38.692,-71.729
357150,Puyehue-Cordon Caulle,12213,Confirmed Eruption,Cordón Caulle,2,,,1929,,1,,7,,Historical Observations,,,,,,,,-40.59,-72.117
358020,Calbuco,12259,Confirmed Eruption,,3,?,,1929,,1,,6,,Historical Observations,,1929,,1,,6,,-41.33,-72.618
357080,Antuco,19912,Discredited Eruption,,,,,1929,,0,,0,,,,,,,,,,-37.406,-71.349
357070,"Chillan, Nevados de",11984,Confirmed Eruption,Volcán Nuevo,2,?,,1928,,11,,30,,Historical Observations,,1929,,0,,0,,-36.868,-71.378
357110,Llaima,12048,Confirmed Eruption,SE crater and summit crater,2,,,1927,,10,,5,,Historical Observations,,1927,,12,,5,,-38.692,-71.729
357070,"Chillan, Nevados de",11983,Confirmed Eruption,Volcán Nuevo,2,?,,1927,,4,,10,,Historical Observations,,,,,,,,-36.868,-71.378
357120,Villarrica,12149,Confirmed Eruption,,2,,,1927,,0,,0,,Historical Observations,,1928,,0,,0,,-39.42,-71.93
355070,San Pedro-San Pablo,11838,Uncertain Eruption,,,,,1923,,0,,0,,,,,,,,,,-21.888,-68.391
357070,"Chillan, Nevados de",11982,Uncertain Eruption,Volcán Nuevo,2,?,,1923,,0,,0,,,,,,,,,,-36.868,-71.378
357110,Llaima,12047,Confirmed Eruption,,2,,,1922,,10,,24,,Historical Observations,,,,,,,,-38.692,-71.729
357120,Villarrica,12148,Confirmed Eruption,,2,,,1922,,10,,24,,Historical Observations,,1922,,11,,27,20,-39.42,-71.93
357150,Puyehue-Cordon Caulle,12212,Confirmed Eruption,Cordón Caulle-Cordillera Nevada,3,,,1921,,12,,13,,Historical Observations,,1922,,2,,12,,-40.59,-72.117
357120,Villarrica,12147,Uncertain Eruption,,2,?,,1921,,12,,10,,,,,,,,,,-39.42,-71.93
357120,Villarrica,12146,Confirmed Eruption,,2,,,1920,,12,,10,,Historical Observations,,1920,,12,,13,,-39.42,-71.93
358030,Huequi,12269,Confirmed Eruption,,2,,?,1920,,0,,0,,Historical Observations,,,,,,,,-42.377,-72.578
357150,Puyehue-Cordon Caulle,12211,Confirmed Eruption,Cordón Caulle,2,,,1919,,0,,0,,Historical Observations,,1920,,0,,0,,-40.59,-72.117
357120,Villarrica,12145,Uncertain Eruption,,,,,1919,,0,,0,,,,,,,,,,-39.42,-71.93
358020,Calbuco,12258,Confirmed Eruption,,3,?,,1917,,4,,0,,Historical Observations,,1917,,5,,0,,-41.33,-72.618
357110,Llaima,12046,Confirmed Eruption,,2,,,1917,,2,,4,,Historical Observations,,,,,,,,-38.692,-71.729
357030,Tinguiririca,11923,Confirmed Eruption,,1,?,,1917,,0,,0,,Historical Observations,,,,,,,,-34.814,-70.352
355070,San Pedro-San Pablo,11837,Uncertain Eruption,,,,,1917,,0,,0,,,,,,,,,,-21.888,-68.391
355070,San Pedro-San Pablo,11836,Uncertain Eruption,,,,,1916,,0,,0,,,,,,,,,,-21.888,-68.391
357060,"Azul, Cerro",11957,Confirmed Eruption,Quizapu,5,+,,1916,,0,,0,,Historical Observations,,1932,,4,,21,,-35.653,-70.761
357120,Villarrica,12144,Confirmed Eruption,,1,,,1915,,0,,0,,Historical Observations,,1918,,0,,0,,-39.42,-71.93
358040,Michinmahuida,22112,Uncertain Eruption,,2,,,1915,25,,,,,Tephrochronology,,,,,,,,-42.799,-72.445
357060,"Azul, Cerro",11956,Confirmed Eruption,Quizapu,3,,,1914,,9,,8,,Historical Observations,,,,,,,,-35.653,-70.761
357110,Llaima,12045,Confirmed Eruption,,2,,,1914,,7,,3,,Historical Observations,,,,,,,,-38.692,-71.729
357150,Puyehue-Cordon Caulle,12210,Confirmed Eruption,Cordón Caulle,2,,,1914,,2,,8,,Historical Observations,,,,,,,,-40.59,-72.117
357070,"Chillan, Nevados de",11981,Confirmed Eruption,Volcán Nuevo,2,,,1914,,0,,0,,Historical Observations,,,,,,,,-36.868,-71.378
357060,"Azul, Cerro",11955,Uncertain Eruption,Quizapu,2,?,,1913,,1,,15,45,,,,,,,,,-35.653,-70.761
355030,Isluga,14103,Confirmed Eruption,,2,,,1913,,0,,0,,Historical Observations,,,,,,,,-19.15,-68.83
355020,Guallatiri,11819,Confirmed Eruption,,2,,,1913,,0,,0,,Historical Observations,,,,,,,,-18.42,-69.092
357120,Villarrica,12143,Discredited Eruption,,,,,1913,,0,,0,,,,,,,,,,-39.42,-71.93
357060,"Azul, Cerro",11954,Confirmed Eruption,Quizapu,2,,,1912,,2,,0,,Historical Observations,,,,,,,,-35.653,-70.761
357110,Llaima,12044,Confirmed Eruption,,2,,,1912,,0,,0,,Historical Observations,,,,,,,,-38.692,-71.729
355070,San Pedro-San Pablo,11835,Confirmed Eruption,,2,,,1911,,9,,0,,Historical Observations,,,,,,,,-21.888,-68.391
358020,Calbuco,12257,Confirmed Eruption,,2,,,1911,,0,,0,,Historical Observations,,1912,,0,,0,,-41.33,-72.618
358070,"Burney, Monte",12329,Confirmed Eruption,,2,,,1910,,3,,0,,Historical Observations,,,,,,,,-52.33,-73.4
357120,Villarrica,12142,Confirmed Eruption,,2,,,1909,,8,,19,,Historical Observations,,1910,,0,,0,,-39.42,-71.93
358020,Calbuco,12256,Confirmed Eruption,,2,,,1909,,3,,0,,Historical Observations,,,,,,,,-41.33,-72.618
357120,Villarrica,12141,Confirmed Eruption,,2,,,1908,,10,,31,,Historical Observations,,1908,,12,?,12,,-39.42,-71.93
358063,Reclus,12312,Confirmed Eruption,,1,?,,1908,1,0,,0,,Historical Observations,,,,,,,,-50.964,-73.585
355020,Guallatiri,11818,Uncertain Eruption,,,,,1908,,0,,0,,,,,,,,,,-18.42,-69.092
357060,"Azul, Cerro",11953,Confirmed Eruption,Quizapu,2,,,1907,,7,,28,,Historical Observations,,,,,,,,-35.653,-70.761
357120,Villarrica,12140,Confirmed Eruption,,2,,,1907,,5,,5,4,Historical Observations,,1907,,5,?,26,,-39.42,-71.93
358020,Calbuco,12255,Confirmed Eruption,,2,?,,1907,,4,,22,,Historical Observations,,,,,,,,-41.33,-72.618
357140,Carran-Los Venados,12187,Confirmed Eruption,Riñinahue Maar,3,,,1907,,4,,9,,Historical Observations,,1908,,2,>,0,,-40.35,-72.07
357070,"Chillan, Nevados de",11980,Confirmed Eruption,Volcán Nuevo,1,,,1907,,0,,0,,Historical Observations,,,,,,,,-36.868,-71.378
357110,Llaima,12043,Confirmed Eruption,,2,,,1907,,0,,0,,Historical Observations,,1908,,3,,0,,-38.692,-71.729
357070,"Chillan, Nevados de",11979,Confirmed Eruption,Volcán Nuevo,2,,,1906,,8,,6,,Historical Observations,,1906,,12,,0,,-36.868,-71.378
357120,Villarrica,12139,Confirmed Eruption,,2,,,1906,,4,,22,,Historical Observations,,1906,,12,,0,,-39.42,-71.93
358020,Calbuco,12254,Confirmed Eruption,,2,,,1906,,0,,0,,Historical Observations,,,,,,,,-41.33,-72.618
358030,Huequi,12268,Confirmed Eruption,,2,,,1906,,0,,0,,Historical Observations,,1907,,0,,0,,-42.377,-72.578
357060,"Azul, Cerro",11952,Confirmed Eruption,Quizapu,2,,,1906,,0,,0,,Historical Observations,,,,,,,,-35.653,-70.761
357150,Puyehue-Cordon Caulle,12209,Confirmed Eruption,Cordón Caulle,2,,?,1905,,0,,0,,Historical Observations,,,,,,,,-40.59,-72.117
357120,Villarrica,12138,Confirmed Eruption,,2,,,1904,,0,,0,,Historical Observations,,,,,,,,-39.42,-71.93
357110,Llaima,12042,Confirmed Eruption,,2,,,1903,,5,,12,,Historical Observations,,1903,,5,,14,,-38.692,-71.729
357060,"Azul, Cerro",11951,Uncertain Eruption,Quizapu,2,?,,1903,,1,,0,,,,,,,,,,-35.653,-70.761
355100,Lascar,11854,Confirmed Eruption,,2,?,,1902,,0,,0,,Historical Observations,,,,,,,,-23.37,-67.73
357120,Villarrica,21003,Confirmed Eruption,,2,?,,1902,,,,,,Varve Count,,,,,,,,-39.42,-71.93
355070,San Pedro-San Pablo,11834,Confirmed Eruption,,2,,,1901,,5,,25,,Historical Observations,,1901,,8,,0,,-21.888,-68.391
358030,Huequi,12267,Confirmed Eruption,,2,,,1900,,0,,0,,Historical Observations,,,,,,,,-42.377,-72.578
355100,Lascar,11853,Confirmed Eruption,,2,,,1898,,0,,0,,Historical Observations,?,1900,,0,,0,,-23.37,-67.73
357070,"Chillan, Nevados de",11978,Confirmed Eruption,Volcán Viejo,2,,,1898,,0,,0,,Historical Observations,,,,,,,,-36.868,-71.378
357120,Villarrica,12137,Confirmed Eruption,,2,,,1897,,12,,1,30,Historical Observations,,1898,,2,,1,30,-39.42,-71.93
358030,Huequi,12266,Confirmed Eruption,,2,,,1896,,0,,0,,Historical Observations,,,,,,,,-42.377,-72.578
357110,Llaima,12041,Confirmed Eruption,,2,,,1895,,0,,0,,Historical Observations,,1896,,0,,0,,-38.692,-71.729
358020,Calbuco,12253,Confirmed Eruption,,2,?,,1894,,11,,16,,Historical Observations,?,1895,,0,,0,,-41.33,-72.618
357120,Villarrica,12136,Confirmed Eruption,,2,,,1893,,12,,1,30,Historical Observations,,1894,,2,,1,30,-39.42,-71.93
357110,Llaima,12040,Confirmed Eruption,,2,,,1893,,12,,0,,Historical Observations,,1894,,12,,0,,-38.692,-71.729
357070,"Chillan, Nevados de",11977,Confirmed Eruption,Volcán Viejo,2,,,1893,,3,,4,,Historical Observations,,,,,,,,-36.868,-71.378
358020,Calbuco,12252,Confirmed Eruption,,4,,,1893,,1,,7,,Historical Observations,,1894,,1,>,16,,-41.33,-72.618
358030,Huequi,12265,Confirmed Eruption,,2,,,1893,,0,,0,,Historical Observations,,,,,,,,-42.377,-72.578
357150,Puyehue-Cordon Caulle,12208,Confirmed Eruption,Cordón Caulle,2,,?,1893,,0,,0,,Historical Observations,,,,,,,,-40.59,-72.117
357110,Llaima,12039,Confirmed Eruption,,2,,,1892,,0,,0,,Historical Observations,,,,,,,,-38.692,-71.729
357070,"Chillan, Nevados de",11976,Confirmed Eruption,Volcán Viejo,2,,,1891,,2,,0,,Historical Observations,,,,,,,,-36.868,-71.378
355070,San Pedro-San Pablo,11833,Confirmed Eruption,,2,,?,1891,,0,,0,,Historical Observations,,,,,,,,-21.888,-68.391
358057,"Hudson, Cerro",12297,Confirmed Eruption,,,,,1891,,0,,0,,Historical Observations,,,,,,,,-45.9,-72.97
358030,Huequi,12264,Confirmed Eruption,,3,?,,1890,,0,,0,,Historical Observations,,,,,,,,-42.377,-72.578
357120,Villarrica,21004,Confirmed Eruption,,2,?,,1890,,,,,,Varve Count,,,,,,,,-39.42,-71.93
357040,Planchon-Peteroa,11938,Confirmed Eruption,Peteroa (SE of 1762 crater),2,,,1889,,9,,0,,Historical Observations,?,1894,,0,,0,,-35.223,-70.568
357110,Llaima,12038,Confirmed Eruption,,2,,,1889,,4,,20,,Historical Observations,,1889,,7,,0,,-38.692,-71.729
357100,Lonquimay,12013,Confirmed Eruption,NE flank,3,,,1887,,6,,2,,Historical Observations,,1890,,1,,0,,-38.379,-71.586
357110,Llaima,12037,Confirmed Eruption,,2,,,1887,,1,,16,,Historical Observations,,1887,,6,,24,,-38.692,-71.729
355030,Isluga,14102,Confirmed Eruption,,1,?,,1885,,0,,0,,Historical Observations,,,,,,,,-19.15,-68.83
357070,"Chillan, Nevados de",11975,Uncertain Eruption,Volcán Viejo (Volcán las Aguilas?),2,?,,1883,,1,,21,,,,,,,,,,-36.868,-71.378
357110,Llaima,12036,Confirmed Eruption,,2,,,1883,,0,,0,,Historical Observations,,,,,,,,-38.692,-71.729
355100,Lascar,11852,Confirmed Eruption,,2,,,1883,,0,,0,,Historical Observations,,1885,,0,,0,,-23.37,-67.73
357120,Villarrica,12135,Confirmed Eruption,,2,,,1883,,0,,0,,Historical Observations,,,,,,,,-39.42,-71.93
357120,Villarrica,11910,Confirmed Eruption,,2,,,1880,,0,,0,,Historical Observations,,,,,,,,-39.42,-71.93
357120,Villarrica,12134,Confirmed Eruption,,2,,,1879,,2,,2,,Historical Observations,,1879,,3,,0,,-39.42,-71.93
358063,Reclus,12311,Confirmed Eruption,,2,,,1879,,0,,0,,Historical Observations,,,,,,,,-50.964,-73.585
358060,Lautaro,12315,Confirmed Eruption,Volcano Uncertain: Between lakes San Martín and Viedma,,,,1879,,0,,0,,,,,,,,,,-49.019,-73.504
355030,Isluga,11515,Confirmed Eruption,,2,,,1878,,2,,0,,Historical Observations,,,,,,,,-19.15,-68.83
358060,Lautaro,12314,Uncertain Eruption,,1,,,1878,,1,,18,,,,,,,,,,-49.019,-73.504
357040,Planchon-Peteroa,11937,Confirmed Eruption,Peteroa,2,,,1878,,0,,0,,Historical Observations,,,,,,,,-35.223,-70.568
357120,Villarrica,12133,Confirmed Eruption,,2,,,1877,,3,,12,,Historical Observations,,1877,,5,,0,,-39.42,-71.93
357070,"Chillan, Nevados de",11974,Confirmed Eruption,Volcán Chillán,2,,,1877,,2,?,12,,Historical Observations,,,,,,,,-36.868,-71.378
357110,Llaima,12035,Confirmed Eruption,,2,,,1877,,1,,16,,Historical Observations,,1877,,6,,24,,-38.692,-71.729
355070,San Pedro-San Pablo,11832,Confirmed Eruption,,2,,?,1877,,0,,0,,Historical Observations,,,,,,,,-21.888,-68.391
355030,Isluga,11514,Confirmed Eruption,,2,?,,1877,,0,,0,,Historical Observations,,,,,,,,-19.15,-68.83
358060,Lautaro,12313,Confirmed Eruption,,2,?,,1876,,10,,0,,Historical Observations,,,,,,,,-49.019,-73.504
357120,Villarrica,12132,Confirmed Eruption,,2,?,,1875,,11,,17,,Historical Observations,,1876,,0,,0,,-39.42,-71.93
355100,Lascar,11851,Confirmed Eruption,,2,,,1875,,0,,0,,Historical Observations,,,,,,,,-23.37,-67.73
357110,Llaima,12034,Confirmed Eruption,,2,,,1875,,0,,0,,Historical Observations,,1876,,0,,0,,-38.692,-71.729
357120,Villarrica,12131,Confirmed Eruption,,2,,,1874,,4,,16,,Historical Observations,,,,,,,,-39.42,-71.93
357110,Llaima,12033,Uncertain Eruption,,,,,1874,,0,,0,,,,,,,,,,-38.692,-71.729
357070,"Chillan, Nevados de",11973,Confirmed Eruption,Volcán Chillán,2,,,1872,,7,,22,,Historical Observations,,,,,,,,-36.868,-71.378
357110,Llaima,12032,Confirmed Eruption,,2,,,1872,,6,,6,,Historical Observations,,,,,,,,-38.692,-71.729
357121,Quetrupillan,12078,Uncertain Eruption,,2,?,,1872,,6,,6,,Historical Observations,,,,,,,,-39.496,-71.722
357091,Callaqui,19916,Discredited Eruption,,,,,1872,,0,,0,,,,,,,,,,-37.92,-71.45
357040,Planchon-Peteroa,11936,Uncertain Eruption,,,,,1872,,0,,0,,,,,,,,,,-35.223,-70.568
357120,Villarrica,21005,Confirmed Eruption,,2,?,,1871,,,,,,Varve Count,,,,,,,,-39.42,-71.93
355070,San Pedro-San Pablo,11831,Uncertain Eruption,,,,,1870,,0,,0,,,,,,,,,,-21.888,-68.391
355030,Isluga,11825,Confirmed Eruption,,2,,,1869,,8,,0,,Historical Observations,,,,,,,,-19.15,-68.83
357110,Llaima,12031,Confirmed Eruption,,2,?,,1869,,4,,0,,Historical Observations,,,,,,,,-38.692,-71.729
357120,Villarrica,12130,Confirmed Eruption,,2,,,1869,,2,,4,,Historical Observations,,1869,,2,,24,4,-39.42,-71.93
358010,Osorno,12237,Confirmed Eruption,,2,,,1869,,0,,0,,Historical Observations,,,,,,,,-41.105,-72.496
358063,Reclus,12310,Confirmed Eruption,,2,,,1869,,0,,0,,Historical Observations,,,,,,,,-50.964,-73.585
357040,Planchon-Peteroa,11935,Uncertain Eruption,,,,,1869,,0,,0,,,,,,,,,,-35.223,-70.568
357080,Antuco,19911,Confirmed Eruption,,2,,,1869,,0,,0,,Historical Observations,,,,,,,,-37.406,-71.349
355030,Isluga,11824,Confirmed Eruption,,2,?,,1868,,0,,0,,Historical Observations,,,,,,,,-19.15,-68.83
357120,Villarrica,12129,Uncertain Eruption,,,,,1867,,0,,0,,,,1868,,0,,0,,-39.42,-71.93
357110,Llaima,12030,Confirmed Eruption,,2,,,1866,,0,,0,,Historical Observations,,,,,,,,-38.692,-71.729
357070,"Chillan, Nevados de",11972,Confirmed Eruption,NW flank of Cerro Blanco (Santa Gertrudis),3,,,1864,,11,,30,,Historical Observations,,1865,,2,,3,1,-36.868,-71.378
357130,Mocho-Choshuenco,12185,Confirmed Eruption,SW flank of El Mocho (Chaiquemahuida),2,,,1864,,11,,1,,Historical Observations,,1864,,11,,3,1,-39.927,-72.027
357120,Villarrica,12128,Confirmed Eruption,,2,,,1864,,10,,0,,Historical Observations,,,,,,,,-39.42,-71.93
357091,Callaqui,19915,Uncertain Eruption,,,,,1864,,10,,0,,,,,,,,,,-37.92,-71.45
357110,Llaima,12029,Confirmed Eruption,,3,,,1864,,0,,0,,Historical Observations,,,,,,,,-38.692,-71.729
357080,Antuco,19910,Confirmed Eruption,,2,,,1863,,12,,0,,Historical Observations,,,,,,,,-37.406,-71.349
355030,Isluga,11823,Confirmed Eruption,,1,?,,1863,,8,,0,,Historical Observations,,,,,,,,-19.15,-68.83
357080,Antuco,19909,Uncertain Eruption,,,,,1862,,1,,0,,,,1862,,3,,3,,-37.406,-71.349
357110,Llaima,12028,Confirmed Eruption,,3,,,1862,,0,,0,,Historical Observations,,,,,,,,-38.692,-71.729
357070,"Chillan, Nevados de",11971,Confirmed Eruption,NW flank of Cerro Blanco (Santa Gertrudis),2,,,1861,,6,,0,,Historical Observations,,1863,,0,,0,,-36.868,-71.378
357080,Antuco,19908,Confirmed Eruption,,0,,,1861,,2,?,0,,Historical Observations,,1861,,8,?,0,,-37.406,-71.349
357070,"Chillan, Nevados de",11970,Confirmed Eruption,W flank of Volcán Viejo (Volcán Renegado),2,?,,1860,,7,,25,,Historical Observations,,,,,,,,-36.868,-71.378
357040,Planchon-Peteroa,11934,Confirmed Eruption,Peteroa,2,,,1860,,0,,0,,Historical Observations,,,,,,,,-35.223,-70.568
357120,Villarrica,12127,Confirmed Eruption,,2,,,1859,,5,,19,,Historical Observations,,1860,,4,,12,,-39.42,-71.93
355100,Lascar,11850,Confirmed Eruption,,2,?,,1858,,4,,0,,Historical Observations,,1858,,12,,0,,-23.37,-67.73
358010,Osorno,12236,Confirmed Eruption,,2,?,,1855,,0,,0,,Historical Observations,,,,,,,,-41.105,-72.496
355100,Lascar,11849,Confirmed Eruption,Lascar or Aguas Calientes,1,,,1854,,1,,20,,Historical Observations,,1854,,1,,30,,-23.37,-67.73
357120,Villarrica,12126,Confirmed Eruption,,2,?,,1853,,11,,0,,Historical Observations,,,,,,,,-39.42,-71.93
357100,Lonquimay,12012,Confirmed Eruption,,3,,,1853,,2,,0,,Historical Observations,,,,,,,,-38.379,-71.586
355100,Lascar,11848,Uncertain Eruption,,2,?,,1853,,0,,0,,,,,,,,,,-23.37,-67.73
357080,Antuco,19907,Confirmed Eruption,NE flank fissure and summit,3,,,1852,,11,,0,,Historical Observations,,1853,,1,,0,,-37.406,-71.349
357110,Llaima,12027,Confirmed Eruption,,2,,,1852,,0,,0,,Historical Observations,,1853,,0,,0,,-38.692,-71.729
357120,Villarrica,12125,Uncertain Eruption,,,,,1852,,0,,0,,,,,,,,,,-39.42,-71.93
358010,Osorno,12235,Discredited Eruption,,,,,1852,,0,,0,,,,,,,,,,-41.105,-72.496
358010,Osorno,12234,Confirmed Eruption,,2,?,,1851,,0,,0,,Historical Observations,,,,,,,,-41.105,-72.496
357160,Puntiagudo-Cordon Cenizos,12217,Confirmed Eruption,Cordón Cenizos,,,,1850,,0,,0,,Historical Observations,,,,,,,,-40.969,-72.264
357120,Villarrica,21006,Confirmed Eruption,,2,?,,1850,,,,,,Varve Count,,,,,,,,-39.42,-71.93
355100,Lascar,11847,Confirmed Eruption,Lascar or Agua Calientes,2,,,1848,,0,,0,,Historical Observations,,,,,,,,-23.37,-67.73
357080,Antuco,19906,Uncertain Eruption,,2,?,,1848,,0,,0,,,,,,,,,,-37.406,-71.349
357060,"Azul, Cerro",11950,Confirmed Eruption,Quizapu,2,,,1846,,11,,26,,Historical Observations,?,1853,,0,,0,,-35.653,-70.761
357080,Antuco,19905,Confirmed Eruption,,2,,,1845,,2,,26,,Historical Observations,,1845,,3,>,1,,-37.406,-71.349
357040,Planchon-Peteroa,11933,Uncertain Eruption,,,,,1842,,0,,0,,,,,,,,,,-35.223,-70.568
357120,Villarrica,21007,Confirmed Eruption,,2,?,,1841,,,,,,Varve Count,,,,,,,,-39.42,-71.93
357080,Antuco,19904,Uncertain Eruption,,2,,,1839,,0,,0,,,,,,,,,,-37.406,-71.349
357120,Villarrica,12124,Confirmed Eruption,,2,,,1837,,11,,7,,Historical Observations,,1837,,11,,21,,-39.42,-71.93
358010,Osorno,12233,Confirmed Eruption,,2,,,1837,,11,,7,,Historical Observations,,,,,,,,-41.105,-72.496
357040,Planchon-Peteroa,11932,Confirmed Eruption,Peteroa,2,,,1837,,2,,0,,Historical Observations,,,,,,,,-35.223,-70.568
358020,Calbuco,12251,Discredited Eruption,,,,,1837,,0,,0,,,,1838,,0,,0,,-41.33,-72.618
357120,Villarrica,21008,Confirmed Eruption,,2,?,,1836,,,,,,Varve Count,,,,,,,,-39.42,-71.93
358050,Corcovado,12305,Uncertain Eruption,,2,,,1835,,11,,11,,,,,,,,,,-43.189,-72.794
358040,Michinmahuida,12274,Confirmed Eruption,,0,?,,1835,,2,,20,,Historical Observations,,1835,,3,,15,5,-42.799,-72.445
358049,Yanteles,12277,Uncertain Eruption,,,,,1835,,2,,20,,,,,,,,,,-43.469,-72.782
358023,Hornopiren,12238,Uncertain Eruption,,,,,1835,,0,,0,,,,,,,,,,-41.874,-72.431
357040,Planchon-Peteroa,11931,Confirmed Eruption,Peteroa,2,,,1835,,0,,0,,Historical Observations,,,,,,,,-35.223,-70.568
358010,Osorno,12232,Confirmed Eruption,Summit & SSW side (Negrillar de Ensenada),3,?,,1834,,11,,29,,Historical Observations,,1835,,2,,24,4,-41.105,-72.496
358040,Michinmahuida,12177,Confirmed Eruption,,2,,,1834,,11,,25,,Historical Observations,,,,,,,,-42.799,-72.445
358050,Corcovado,12304,Uncertain Eruption,,2,,,1834,,11,,0,,,,,,,,,,-43.189,-72.794
357120,Villarrica,12123,Confirmed Eruption,,2,,,1832,,12,,24,,Historical Observations,,,,,,,,-39.42,-71.93
357080,Antuco,19903,Confirmed Eruption,,2,,,1828,,12,,18,,Historical Observations,,,,,,,,-37.406,-71.349
357120,Villarrica,21009,Confirmed Eruption,,2,?,,1826,,,,,,Varve Count,,,,,,,,-39.42,-71.93
355020,Guallatiri,11817,Confirmed Eruption,,2,?,,1825,25,0,,0,,Historical Observations,,,,,,,,-18.42,-69.092
357120,Villarrica,12122,Confirmed Eruption,,2,,,1822,,11,,19,,Historical Observations,,1822,,11,,25,5,-39.42,-71.93
357110,Llaima,12026,Confirmed Eruption,,2,,,1822,,0,,0,,Historical Observations,,,,,,,,-38.692,-71.729
358090,Fueguino,12332,Confirmed Eruption,,2,?,,1820,,11,,25,,Historical Observations,,1820,,11,>,26,,-54.97,-70.262
357080,Antuco,19902,Confirmed Eruption,,1,,,1820,,0,,0,,Historical Observations,?,1821,,0,,0,,-37.406,-71.349
357120,Villarrica,12121,Confirmed Eruption,,1,,,1815,,0,,0,,Historical Observations,,1818,,0,,0,,-39.42,-71.93
355090,Putana,11841,Confirmed Eruption,,,,,1810,10,0,,0,,Historical Observations,,,,,,,,-22.557,-67.853
357080,Antuco,19901,Confirmed Eruption,,2,,?,1806,,5,,0,,Historical Observations,,,,,,,,-37.406,-71.349
357120,Villarrica,12120,Confirmed Eruption,,2,,,1806,,4,,0,,Historical Observations,,1806,,5,,0,,-39.42,-71.93
357120,Villarrica,21010,Confirmed Eruption,,2,?,,1798,,,,,,Varve Count,,,,,,,,-39.42,-71.93
358020,Calbuco,12250,Confirmed Eruption,,,,?,1792,,0,,0,,Historical Observations,,,,,,,,-41.33,-72.618
358010,Osorno,12231,Confirmed Eruption,SE base,2,,,1790,,3,,9,,Historical Observations,,1791,,12,,26,5,-41.105,-72.496
357120,Villarrica,12119,Confirmed Eruption,,1,,,1790,,1,,0,,Historical Observations,,1801,,0,,0,,-39.42,-71.93
357120,Villarrica,12118,Confirmed Eruption,,2,,,1787,,0,,0,,Historical Observations,,,,,,,,-39.42,-71.93
357120,Villarrica,12117,Confirmed Eruption,,1,,,1780,,0,,0,,Historical Observations,,,,,,,,-39.42,-71.93
357120,Villarrica,12116,Confirmed Eruption,,1,,,1777,,0,,0,,Historical Observations,,1779,,0,,0,,-39.42,-71.93
357120,Villarrica,12115,Uncertain Eruption,,2,?,,1775,,0,,0,,,,,,,,,,-39.42,-71.93
358040,Michinmahuida,22113,Uncertain Eruption,,2,,,1775,40,,,,,Tephrochronology,,,,,,,,-42.799,-72.445
357120,Villarrica,21011,Confirmed Eruption,,2,?,,1771,,,,,,Varve Count,,,,,,,,-39.42,-71.93
357120,Villarrica,21012,Confirmed Eruption,,2,?,,1767,,,,,,Varve Count,,,,,,,,-39.42,-71.93
358010,Osorno,12230,Confirmed Eruption,,1,,,1765,14,0,,0,,Historical Observations,,,,,,,,-41.105,-72.496
357040,Planchon-Peteroa,11930,Confirmed Eruption,Peteroa (2 km S of Planchón summit),4,,,1762,,12,,3,,Historical Observations,,,,,,,,-35.223,-70.568
357120,Villarrica,21013,Confirmed Eruption,,2,?,,1761,,,,,,Varve Count,,,,,,,,-39.42,-71.93
357120,Villarrica,12114,Confirmed Eruption,,1,,,1759,,12,,0,,Historical Observations,,1759,,12,,0,,-39.42,-71.93
357110,Llaima,12025,Confirmed Eruption,,2,,,1759,,12,,0,,Historical Observations,,,,,,,,-38.692,-71.729
357150,Puyehue-Cordon Caulle,12207,Confirmed Eruption,Cordón Caulle,2,,?,1759,,0,,0,,Historical Observations,,,,,,,,-40.59,-72.117
357080,Antuco,11996,Confirmed Eruption,,3,?,,1752,,1,,31,,Historical Observations,,1752,,2,,1,,-37.406,-71.349
357070,"Chillan, Nevados de",11969,Confirmed Eruption,Cerro Blanco and Volcán Viejo?,2,?,,1752,,1,,30,,Historical Observations,,,,,,,,-36.868,-71.378
357091,Callaqui,19914,Confirmed Eruption,,2,,,1751,,12,,31,,Historical Observations,,,,,,,,-37.92,-71.45
357110,Llaima,12024,Confirmed Eruption,,2,,,1751,,12,,18,,Historical Observations,,1752,,0,,0,,-38.692,-71.729
357120,Villarrica,12113,Confirmed Eruption,,1,?,,1751,,12,,14,,Historical Observations,,,,,,,,-39.42,-71.93
357040,Planchon-Peteroa,11929,Confirmed Eruption,,2,,,1751,,11,,0,,Historical Observations,,1751,,12,,0,,-35.223,-70.568
357080,Antuco,11995,Confirmed Eruption,,2,,,1750,10,0,,0,,Historical Observations,,,,,,,,-37.406,-71.349
357070,"Chillan, Nevados de",11968,Confirmed Eruption,Volcán Viejo,3,^,?,1749,,0,,0,,Historical Observations,,1751,,0,,0,,-36.868,-71.378
357120,Villarrica,12112,Confirmed Eruption,,1,?,,1745,,0,,0,,Historical Observations,,,,,,,,-39.42,-71.93
357120,Villarrica,12111,Confirmed Eruption,,2,?,,1742,,0,,0,,Historical Observations,,,,,,,,-39.42,-71.93
358040,Michinmahuida,12176,Confirmed Eruption,,2,,,1742,,0,,0,,Historical Observations,,,,,,,,-42.799,-72.445
358057,"Hudson, Cerro",12296,Confirmed Eruption,,,,,1740,150,0,,0,,Radiocarbon (uncorrected),,,,,,,,-45.9,-72.97
357120,Villarrica,12110,Confirmed Eruption,,2,?,,1737,,12,,24,,Historical Observations,,,,,,,,-39.42,-71.93
357120,Villarrica,12109,Confirmed Eruption,,2,?,,1730,,7,,8,,Historical Observations,,,,,,,,-39.42,-71.93
357120,Villarrica,21014,Confirmed Eruption,,2,?,,1721,,,,,,Varve Count,,,,,,,,-39.42,-71.93
358010,Osorno,12229,Confirmed Eruption,,2,,,1719,,0,,0,,Historical Observations,,,,,,,,-41.105,-72.496
357120,Villarrica,12108,Confirmed Eruption,,1,,,1716,,0,,0,,Historical Observations,,,,,,,,-39.42,-71.93
357120,Villarrica,21015,Confirmed Eruption,,2,?,,1715,,,,,,Varve Count,,,,,,,,-39.42,-71.93
358090,Fueguino,12331,Uncertain Eruption,,,,,1712,,11,,26,4,,,,,,,,,-54.97,-70.262
358054,Mentolat,12281,Confirmed Eruption,,,,,1710,5,0,,0,,Historical Observations,,,,,,,,-44.7,-73.08
357120,Villarrica,21016,Confirmed Eruption,,2,?,,1709,,,,,,Varve Count,,,,,,,,-39.42,-71.93
357120,Villarrica,21017,Confirmed Eruption,,2,?,,1708,,,,,,Varve Count,,,,,,,,-39.42,-71.93
357120,Villarrica,21018,Confirmed Eruption,,2,?,,1705,,,,,,Varve Count,,,,,,,,-39.42,-71.93
358030,Huequi,22115,Confirmed Eruption,,2,,,1695,50,,,,,Tephrochronology,,,,,,,,-42.377,-72.578
357120,Villarrica,12107,Confirmed Eruption,,1,,?,1688,,0,,0,,Historical Observations,,,,,,,,-39.42,-71.93
357120,Villarrica,21019,Confirmed Eruption,,2,?,,1682,,,,,,Varve Count,,,,,,,,-39.42,-71.93
357120,Villarrica,21020,Confirmed Eruption,,2,?,,1675,,,,,,Varve Count,,,,,,,,-39.42,-71.93
357120,Villarrica,21021,Confirmed Eruption,,2,?,,1672,,,,,,Varve Count,,,,,,,,-39.42,-71.93
357120,Villarrica,21022,Confirmed Eruption,,2,?,,1669,,,,,,Varve Count,,,,,,,,-39.42,-71.93
357040,Planchon-Peteroa,11928,Confirmed Eruption,Peteroa,3,^,,1660,,0,,0,,Historical Observations,,,,,,,,-35.223,-70.568
357120,Villarrica,12106,Confirmed Eruption,,1,?,,1657,,3,,15,,Historical Observations,,,,,,,,-39.42,-71.93
357070,"Chillan, Nevados de",11967,Confirmed Eruption,Volcán Viejo,3,?,,1650,50,0,,0,,Historical Observations,,,,,,,,-36.868,-71.378
358040,Michinmahuida,12175,Uncertain Eruption,,,,,1650,50,0,,0,,,,,,,,,,-42.799,-72.445
357120,Villarrica,12105,Confirmed Eruption,,1,?,,1647,,5,,13,,Historical Observations,,,,,,,,-39.42,-71.93
357120,Villarrica,21023,Confirmed Eruption,,2,?,,1645,,,,,,Varve Count,,,,,,,,-39.42,-71.93
358010,Osorno,12228,Confirmed Eruption,,2,,,1644,,0,,0,,Historical Observations,,,,,,,,-41.105,-72.496
357120,Villarrica,21024,Confirmed Eruption,,2,?,,1642,,,,,,Varve Count,,,,,,,,-39.42,-71.93
357120,Villarrica,12104,Uncertain Eruption,,,,,1640,,2,,3,,,,,,,,,,-39.42,-71.93
357110,Llaima,12023,Confirmed Eruption,,4,,,1640,,2,,0,,Historical Observations,,,,,,,,-38.692,-71.729
358010,Osorno,12227,Confirmed Eruption,,2,,,1640,,0,,0,,Historical Observations,,,,,,,,-41.105,-72.496
358041,Chaiten,20852,Confirmed Eruption,,4,?,,1640,18,,,,,Radiocarbon (corrected),,,,,,,,-42.833,-72.646
357120,Villarrica,21025,Confirmed Eruption,,2,?,,1638,,,,,,Varve Count,,,,,,,,-39.42,-71.93
357120,Villarrica,21026,Confirmed Eruption,,2,?,,1632,,,,,,Varve Count,,,,,,,,-39.42,-71.93
357120,Villarrica,21027,Confirmed Eruption,,2,?,,1625,,,,,,Varve Count,,,,,,,,-39.42,-71.93
357120,Villarrica,21028,Confirmed Eruption,,2,?,,1617,,,,,,Varve Count,,,,,,,,-39.42,-71.93
357120,Villarrica,21029,Confirmed Eruption,,2,?,,1612,,,,,,Varve Count,,,,,,,,-39.42,-71.93
357120,Villarrica,21030,Confirmed Eruption,,2,?,,1610,,,,,,Varve Count,,,,,,,,-39.42,-71.93
357120,Villarrica,21031,Confirmed Eruption,,2,?,,1604,,,,,,Varve Count,,,,,,,,-39.42,-71.93
358020,Calbuco,12249,Confirmed Eruption,,,,,1600,75,0,,0,,Radiocarbon (uncorrected),,,,,,,,-41.33,-72.618
357120,Villarrica,21032,Confirmed Eruption,,2,?,,1600,,,,,,Varve Count,,,,,,,,-39.42,-71.93
357120,Villarrica,12103,Confirmed Eruption,,2,,,1594,,0,,0,,Historical Observations,,,,,,,,-39.42,-71.93
357120,Villarrica,21033,Confirmed Eruption,,2,?,,1584,,,,,,Varve Count,,,,,,,,-39.42,-71.93
357120,Villarrica,21034,Confirmed Eruption,,2,?,,1582,,,,,,Varve Count,,,,,,,,-39.42,-71.93
357120,Villarrica,21035,Confirmed Eruption,,2,?,,1579,,,,,,Varve Count,,,,,,,,-39.42,-71.93
358010,Osorno,12226,Confirmed Eruption,,2,,,1575,,0,,0,,Historical Observations,,,,,,,,-41.105,-72.496
357120,Villarrica,12102,Discredited Eruption,,,,,1575,,0,,0,,,,,,,,,,-39.42,-71.93
357120,Villarrica,21036,Confirmed Eruption,,2,?,,1564,,,,,,Varve Count,,,,,,,,-39.42,-71.93
357120,Villarrica,12101,Confirmed Eruption,,2,,,1562,,0,,0,,Historical Observations,,,,,,,,-39.42,-71.93
358056,Maca,20940,Confirmed Eruption,SW flank (Bahía Pérez),,,,1560,110,,,,,Radiocarbon (corrected),,,,,,,,-45.1,-73.17
357120,Villarrica,12100,Confirmed Eruption,,2,,,1558,,0,,0,,Historical Observations,,,,,,,,-39.42,-71.93
357120,Villarrica,21037,Confirmed Eruption,,2,?,,1553,,,,,,Varve Count,,,,,,,,-39.42,-71.93
358040,Michinmahuida,20857,Confirmed Eruption,,,,,1550,100,,,,,Radiocarbon (corrected),,,,,,,,-42.799,-72.445
357120,Villarrica,21038,Confirmed Eruption,,2,?,,1543,,,,,,Varve Count,,,,,,,,-39.42,-71.93
357120,Villarrica,21039,Confirmed Eruption,,2,?,,1539,,,,,,Varve Count,,,,,,,,-39.42,-71.93
357120,Villarrica,21040,Confirmed Eruption,,2,?,,1538,,,,,,Varve Count,,,,,,,,-39.42,-71.93
357120,Villarrica,21041,Confirmed Eruption,,2,?,,1537,,,,,,Varve Count,,,,,,,,-39.42,-71.93
357120,Villarrica,21042,Confirmed Eruption,,2,?,,1526,,,,,,Varve Count,,,,,,,,-39.42,-71.93
357120,Villarrica,21043,Confirmed Eruption,,2,?,,1523,,,,,,Varve Count,,,,,,,,-39.42,-71.93
357120,Villarrica,21044,Confirmed Eruption,,2,?,,1521,,,,,,Varve Count,,,,,,,,-39.42,-71.93
357120,Villarrica,21045,Confirmed Eruption,,2,?,,1516,,,,,,Varve Count,,,,,,,,-39.42,-71.93
357120,Villarrica,21046,Confirmed Eruption,,2,?,,1515,,,,,,Varve Count,,,,,,,,-39.42,-71.93
357120,Villarrica,21047,Confirmed Eruption,,2,?,,1509,,,,,,Varve Count,,,,,,,,-39.42,-71.93
357120,Villarrica,21048,Confirmed Eruption,,2,?,,1503,,,,,,Varve Count,,,,,,,,-39.42,-71.93
357120,Villarrica,21049,Confirmed Eruption,,2,?,,1497,,,,,,Varve Count,,,,,,,,-39.42,-71.93
357120,Villarrica,21050,Confirmed Eruption,,2,?,,1494,,,,,,Varve Count,,,,,,,,-39.42,-71.93
357120,Villarrica,21051,Confirmed Eruption,,2,?,,1492,,,,,,Varve Count,,,,,,,,-39.42,-71.93
357120,Villarrica,21052,Confirmed Eruption,,2,?,,1483,,,,,,Varve Count,,,,,,,,-39.42,-71.93
357120,Villarrica,21053,Confirmed Eruption,,2,?,,1479,,,,,,Varve Count,,,,,,,,-39.42,-71.93
357120,Villarrica,21054,Confirmed Eruption,,2,?,,1474,,,,,,Varve Count,,,,,,,,-39.42,-71.93
357120,Villarrica,21055,Confirmed Eruption,,2,?,,1471,,,,,,Varve Count,,,,,,,,-39.42,-71.93
357120,Villarrica,21056,Confirmed Eruption,,2,?,,1466,,,,,,Varve Count,,,,,,,,-39.42,-71.93
357120,Villarrica,21057,Confirmed Eruption,,2,?,,1463,,,,,,Varve Count,,,,,,,,-39.42,-71.93
357120,Villarrica,21058,Confirmed Eruption,,2,?,,1454,,,,,,Varve Count,,,,,,,,-39.42,-71.93
357120,Villarrica,21059,Confirmed Eruption,,2,?,,1448,,,,,,Varve Count,,,,,,,,-39.42,-71.93
357120,Villarrica,21060,Confirmed Eruption,,2,?,,1433,,,,,,Varve Count,,,,,,,,-39.42,-71.93
357120,Villarrica,21061,Confirmed Eruption,,2,?,,1417,,,,,,Varve Count,,,,,,,,-39.42,-71.93
357120,Villarrica,21062,Confirmed Eruption,,2,?,,1413,,,,,,Varve Count,,,,,,,,-39.42,-71.93
357120,Villarrica,21063,Confirmed Eruption,,2,?,,1410,,,,,,Varve Count,,,,,,,,-39.42,-71.93
357120,Villarrica,21064,Confirmed Eruption,,2,?,,1404,,,,,,Varve Count,,,,,,,,-39.42,-71.93
357120,Villarrica,21065,Confirmed Eruption,,2,?,,1392,,,,,,Varve Count,,,,,,,,-39.42,-71.93
357120,Villarrica,21066,Confirmed Eruption,,2,?,,1388,,,,,,Varve Count,,,,,,,,-39.42,-71.93
357120,Villarrica,21067,Confirmed Eruption,,2,?,,1384,,,,,,Varve Count,,,,,,,,-39.42,-71.93
358020,Calbuco,12248,Confirmed Eruption,,,,,1380,50,0,,0,,Radiocarbon (uncorrected),,,,,,,,-41.33,-72.618
358010,Osorno,12225,Confirmed Eruption,,,,,1310,75,0,,0,,Radiocarbon (uncorrected),,,,,,,,-41.105,-72.496
357111,Sollipulli,12018,Confirmed Eruption,"North flank (Redondo, Chufquén)",,,,1240,50,0,,0,,Radiocarbon (uncorrected),,,,,,,,-38.97,-71.52
358010,Osorno,12224,Confirmed Eruption,,,,,1220,100,0,,0,,Radiocarbon (uncorrected),,,,,,,,-41.105,-72.496
357150,Puyehue-Cordon Caulle,12206,Confirmed Eruption,,,,,1220,150,0,,0,,Radiocarbon (corrected),,,,,,,,-40.59,-72.117
357150,Puyehue-Cordon Caulle,12205,Confirmed Eruption,,,,,1140,100,0,,0,,Radiocarbon (corrected),,,,,,,,-40.59,-72.117
358022,Yate,20851,Confirmed Eruption,SE flank,,,,1090,60,,,,,Radiocarbon (corrected),,,,,,,,-41.755,-72.396
358010,Osorno,12223,Confirmed Eruption,,,,,910,100,0,,0,,Radiocarbon (uncorrected),,,,,,,,-41.105,-72.496
357040,Planchon-Peteroa,11927,Confirmed Eruption,,3,,,900,100,0,,0,,Radiocarbon (uncorrected),,,,,,,,-35.223,-70.568
358057,"Hudson, Cerro",12295,Confirmed Eruption,,,,,860,100,0,,0,,Radiocarbon (uncorrected),,,,,,,,-45.9,-72.97
357150,Puyehue-Cordon Caulle,12204,Confirmed Eruption,Puyehue,5,,,860,75,0,,0,,Radiocarbon (corrected),,,,,,,,-40.59,-72.117
358020,Calbuco,20876,Confirmed Eruption,,4,,,710,60,,,,,Radiocarbon (corrected),,,,,,,,-41.33,-72.618
358040,Michinmahuida,20856,Confirmed Eruption,,,,,700,100,,,,,Radiocarbon (corrected),,,,,,,,-42.799,-72.445
358020,Calbuco,12247,Confirmed Eruption,,,,,520,200,0,,0,,Radiocarbon (uncorrected),,,,,,,,-41.33,-72.618
357150,Puyehue-Cordon Caulle,12203,Confirmed Eruption,,,,,500,100,0,,0,,Radiocarbon (corrected),,,,,,,,-40.59,-72.117
358010,Osorno,12222,Confirmed Eruption,,4,?,,420,100,0,,0,,Radiocarbon (uncorrected),,,,,,,,-41.105,-72.496
358056,Maca,12282,Confirmed Eruption,,,,,410,50,0,,0,,Radiocarbon (uncorrected),,,,,,,,-45.1,-73.17
358057,"Hudson, Cerro",12294,Confirmed Eruption,,,,,390,150,0,,0,,Radiocarbon (corrected),,,,,,,,-45.9,-72.97
358023,Hornopiren,20849,Confirmed Eruption,,,,,340,200,,,,,Radiocarbon (corrected),,,,,,,,-41.874,-72.431
357120,Villarrica,12099,Confirmed Eruption,,,,?,330,,0,,0,,Radiocarbon (uncorrected),,,,,,,,-39.42,-71.93
357121,Quetrupillan,22349,Confirmed Eruption,,3,?,,255,48,,,,,Radiocarbon (corrected),,,,,,,,-39.496,-71.722
358020,Calbuco,12246,Confirmed Eruption,,,,,220,75,0,,0,,Radiocarbon (uncorrected),,,,,,,,-41.33,-72.618
358052,Melimoyu,12279,Confirmed Eruption,,,,,200,75,0,,0,,Radiocarbon (uncorrected),,,,,,,,-44.08,-72.88
358020,Calbuco,20875,Confirmed Eruption,,4,+,,160,135,,,,,Tephrochronology,,,,,,,,-41.33,-72.618
357150,Puyehue-Cordon Caulle,12202,Confirmed Eruption,Puyehue?,,,,140,300,0,,0,,Tephrochronology,,,,,,,,-40.59,-72.117
357150,Puyehue-Cordon Caulle,12201,Confirmed Eruption,,,,,110,200,0,,0,,Radiocarbon (corrected),,,,,,,,-40.59,-72.117
357120,Villarrica,12098,Confirmed Eruption,,0,,?,110,,0,,0,,Radiocarbon (uncorrected),,,,,,,,-39.42,-71.93
358020,Calbuco,12245,Confirmed Eruption,,,,,40,75,0,,0,,Radiocarbon (uncorrected),,,,,,,,-41.33,-72.618
357121,Quetrupillan,22350,Confirmed Eruption,,4,,,35,35,,,,,Radiocarbon (corrected),,,,,,,,-39.496,-71.722
357061,"Maule, Laguna del",22165,Confirmed Eruption,,0,,<,-50,,,,,,Uranium-series,,,,,,,,-36.058,-70.492
358070,"Burney, Monte",12328,Confirmed Eruption,,,,,-90,100,0,,0,,Radiocarbon (corrected),,,,,,,,-52.33,-73.4
358020,Calbuco,12244,Confirmed Eruption,,,,,-100,100,0,,0,,Radiocarbon (uncorrected),,,,,,,,-41.33,-72.618
358057,"Hudson, Cerro",12293,Confirmed Eruption,,,,,-120,200,0,,0,,Radiocarbon (uncorrected),,,,,,,,-45.9,-72.97
358012,Cayutue-La Vigueria,12219,Confirmed Eruption,La Viguería,,,?,-190,190,0,,0,,Radiocarbon (corrected),,,,,,,,-41.3,-72.27
358010,Osorno,12221,Confirmed Eruption,,,,,-210,75,0,,0,,Radiocarbon (uncorrected),,,,,,,,-41.105,-72.496
357153,Antillanca Volcanic Complex,12191,Confirmed Eruption,Casablanca (Raihuén crater),5,,,-230,200,0,,0,,Radiocarbon (corrected),,,,,,,,-40.783,-72.15
357061,"Maule, Laguna del",22164,Confirmed Eruption,,0,,,-250,,,,,,Ar/Ar,,,,,,,,-36.058,-70.492
355011,Taapaca,11809,Confirmed Eruption,,,,,-320,50,0,,0,,Radiocarbon (uncorrected),,,,,,,,-18.1,-69.5
357070,"Chillan, Nevados de",11966,Confirmed Eruption,Volcán Viejo,,,,-320,75,0,,0,,Radiocarbon (uncorrected),,,,,,,,-36.868,-71.378
358020,Calbuco,12243,Confirmed Eruption,,,,,-330,200,0,,0,,Radiocarbon (uncorrected),,,,,,,,-41.33,-72.618
357150,Puyehue-Cordon Caulle,12200,Confirmed Eruption,,,,,-490,300,0,,0,,Radiocarbon (corrected),,,,,,,,-40.59,-72.117
358024,Apagado,20850,Confirmed Eruption,,4,,,-590,175,,,,,Radiocarbon (corrected),,,,,,,,-41.88,-72.58
357120,Villarrica,12097,Confirmed Eruption,,4,,?,-670,,0,,0,,Radiocarbon (uncorrected),,,,,,,,-39.42,-71.93
358057,"Hudson, Cerro",12292,Confirmed Eruption,,,,,-790,75,0,,0,,Radiocarbon (corrected),,,,,,,,-45.9,-72.97
358070,"Burney, Monte",12327,Confirmed Eruption,,,,,-800,500,0,,0,,Tephrochronology,,,,,,,,-52.33,-73.4
358052,Melimoyu,12278,Confirmed Eruption,,,,,-820,100,0,,0,,Radiocarbon (uncorrected),,,,,,,,-44.08,-72.88
357111,Sollipulli,12017,Confirmed Eruption,SW caldera rim (Alpehué crater),5,+,,-920,75,0,,0,,Radiocarbon (uncorrected),,,,,,,,-38.97,-71.52
357153,Antillanca Volcanic Complex,12190,Confirmed Eruption,,5,,,-960,150,0,,0,,Radiocarbon (corrected),,,,,,,,-40.783,-72.15
357150,Puyehue-Cordon Caulle,12199,Confirmed Eruption,,,,,-990,500,0,,0,,Tephrochronology,,,,,,,,-40.59,-72.117
357120,Villarrica,12096,Confirmed Eruption,,,,?,-1080,,0,,0,,Radiocarbon (uncorrected),,,,,,,,-39.42,-71.93
357120,Villarrica,21091,Confirmed Eruption,,4,,,-1230,40,,,,,Radiocarbon (uncorrected),,,,,,,,-39.42,-71.93
358062,Aguilera,12308,Confirmed Eruption,,5,,,-1250,150,0,,0,,Radiocarbon (corrected),,,,,,,,-50.33,-73.75
357150,Puyehue-Cordon Caulle,12198,Confirmed Eruption,,,,,-1490,150,0,,0,,Radiocarbon (corrected),,,,,,,,-40.59,-72.117
357070,"Chillan, Nevados de",11965,Confirmed Eruption,Volcán Viejo,,,,-1510,50,0,,0,,Radiocarbon (uncorrected),,,,,,,,-36.868,-71.378
357061,"Maule, Laguna del",22163,Confirmed Eruption,,0,,,-1550,,,,,,Ar/Ar,,,,,,,,-36.058,-70.492
355011,Taapaca,11808,Confirmed Eruption,,,,,-1580,75,0,,0,,Radiocarbon (uncorrected),,,,,,,,-18.1,-69.5
358010,Osorno,12220,Confirmed Eruption,,,,,-1710,75,0,,0,,Radiocarbon (uncorrected),,,,,,,,-41.105,-72.496
357120,Villarrica,12095,Confirmed Eruption,,5,,,-1810,200,0,,0,,Radiocarbon (uncorrected),,,,,,,,-39.42,-71.93
358063,Reclus,12309,Confirmed Eruption,,,,>,-1830,,0,,0,,Tephrochronology,,,,,,,,-50.964,-73.585
355011,Taapaca,11807,Confirmed Eruption,,,,,-1860,100,0,,0,,Radiocarbon (uncorrected),,,,,,,,-18.1,-69.5
358057,"Hudson, Cerro",12291,Confirmed Eruption,,6,,?,-1890,,0,,0,,Radiocarbon (corrected),,,,,,,,-45.9,-72.97
358020,Calbuco,12242,Confirmed Eruption,,,,,-1920,50,0,,0,,Radiocarbon (uncorrected),,,,,,,,-41.33,-72.618
357120,Villarrica,12094,Confirmed Eruption,,0,,,-1980,150,0,,0,,Tephrochronology,,,,,,,,-39.42,-71.93
357120,Villarrica,12093,Confirmed Eruption,,,,?,-2140,,0,,0,,Radiocarbon (uncorrected),,,,,,,,-39.42,-71.93
357120,Villarrica,12092,Confirmed Eruption,,,,?,-2240,,0,,0,,Radiocarbon (uncorrected),,,,,,,,-39.42,-71.93
358057,"Hudson, Cerro",12290,Confirmed Eruption,,,,<,-2250,,0,,0,,Radiocarbon (uncorrected),,,,,,,,-45.9,-72.97
358070,"Burney, Monte",12326,Confirmed Eruption,,5,,,-2320,100,0,,0,,Radiocarbon (corrected),,,,,,,,-52.33,-73.4
355011,Taapaca,11806,Confirmed Eruption,,,,,-2400,75,0,,0,,Radiocarbon (uncorrected),,,,,,,,-18.1,-69.5
358062,Aguilera,12307,Confirmed Eruption,,,,?,-2610,,0,,0,,Radiocarbon (uncorrected),,,,,,,,-50.33,-73.75
355011,Taapaca,11805,Confirmed Eruption,,,,,-2950,75,0,,0,,Radiocarbon (uncorrected),,,,,,,,-18.1,-69.5
357120,Villarrica,12091,Confirmed Eruption,,0,,,-2990,500,0,,0,,Tephrochronology,,,,,,,,-39.42,-71.93
358041,Chaiten,20853,Confirmed Eruption,,5,,,-3100,220,,,,,Radiocarbon (corrected),,,,,,,,-42.833,-72.646
357150,Puyehue-Cordon Caulle,12197,Confirmed Eruption,Puyehue,,,,-3250,2400,0,,0,,Ar/Ar,,,,,,,,-40.59,-72.117
357070,"Chillan, Nevados de",11964,Confirmed Eruption,Volcán Viejo,,,,-3660,500,0,,0,,Radiocarbon (uncorrected),,,,,,,,-36.868,-71.378
358023,Hornopiren,20848,Confirmed Eruption,,4,,,-3720,175,,,,,Radiocarbon (corrected),,,,,,,,-41.874,-72.431
357120,Villarrica,12090,Confirmed Eruption,,,,?,-3730,,0,,0,,Radiocarbon (uncorrected),,,,,,,,-39.42,-71.93
358070,"Burney, Monte",12325,Confirmed Eruption,,,,,-3740,10,0,,0,,Radiocarbon (corrected),,,,,,,,-52.33,-73.4
358057,"Hudson, Cerro",12289,Confirmed Eruption,,,,,-3890,500,0,,0,,Radiocarbon (uncorrected),,,,,,,,-45.9,-72.97
357093,Tolhuaca,22169,Confirmed Eruption,Pemehue,0,,>,-4000,,,,,,Uncertain,,,,,,,,-38.31,-71.645
357150,Puyehue-Cordon Caulle,12196,Confirmed Eruption,,,,,-4230,200,0,,0,,Radiocarbon (corrected),,,,,,,,-40.59,-72.117
358020,Calbuco,12241,Confirmed Eruption,,,,,-4300,150,0,,0,,Radiocarbon (uncorrected),,,,,,,,-41.33,-72.618
357150,Puyehue-Cordon Caulle,12195,Confirmed Eruption,Puyehue,,,,-4450,900,0,,0,,Ar/Ar,,,,,,,,-40.59,-72.117
357061,"Maule, Laguna del",22162,Confirmed Eruption,,0,,,-4450,,,,,,Ar/Ar,,,,,,,,-36.058,-70.492
357150,Puyehue-Cordon Caulle,12194,Confirmed Eruption,,,,?,-4460,,0,,0,,Tephrochronology,,,,,,,,-40.59,-72.117
355011,Taapaca,11804,Confirmed Eruption,,,,,-4620,75,0,,0,,Radiocarbon (uncorrected),,,,,,,,-18.1,-69.5
357150,Puyehue-Cordon Caulle,12193,Confirmed Eruption,,,,,-4690,200,0,,0,,Radiocarbon (corrected),,,,,,,,-40.59,-72.117
358057,"Hudson, Cerro",12288,Confirmed Eruption,,6,,?,-4750,,0,,0,,Radiocarbon (uncorrected),,,,,,,,-45.9,-72.97
357093,Tolhuaca,22168,Confirmed Eruption,,3,,,-4885,243,,,,,Uncertain,,,,,,,,-38.31,-71.645
357063,"Longavi, Nevado de",11949,Confirmed Eruption,,,,,-4890,75,0,,0,,Radiocarbon (uncorrected),,,,,,,,-36.193,-71.161
358050,Corcovado,12303,Confirmed Eruption,,,,,-4920,100,0,,0,,Radiocarbon (uncorrected),,,,,,,,-43.189,-72.794
358057,"Hudson, Cerro",12284,Confirmed Eruption,,,,,-4960,150,0,,0,,Radiocarbon (uncorrected),,,,,,,,-45.9,-72.97
358054,Mentolat,12280,Confirmed Eruption,,,,,-5010,50,0,,0,,Radiocarbon (uncorrected),,,,,,,,-44.7,-73.08
358020,Calbuco,20874,Confirmed Eruption,,4,+,,-5030,180,,,,,Radiocarbon (corrected),,,,,,,,-41.33,-72.618
357112,Caburgua-Huelemolle,12019,Confirmed Eruption,Huelemolle and Caburgua cones,,,,-5050,1000,0,,0,,Tephrochronology,,,,,,,,-39.25,-71.75
357040,Planchon-Peteroa,11926,Confirmed Eruption,,3,,,-5080,75,0,,0,,Radiocarbon (uncorrected),,,,,,,,-35.223,-70.568
357150,Puyehue-Cordon Caulle,12192,Confirmed Eruption,Puyehue,5,,,-5080,150,0,,0,,Radiocarbon (corrected),,,,,,,,-40.59,-72.117
355100,Lascar,11846,Confirmed Eruption,Eastern crater,0,,,-5150,1250,0,,0,,Surface Exposure,,,,,,,,-23.37,-67.73
357110,Llaima,12022,Confirmed Eruption,,,,,-5290,180,0,,0,,Radiocarbon (uncorrected),,,,,,,,-38.692,-71.729
357093,Tolhuaca,22167,Confirmed Eruption,,3,,,-5371,243,,,,,Uncertain,,,,,,,,-38.31,-71.645
355011,Taapaca,11803,Confirmed Eruption,,,,,-5490,50,0,,0,,Radiocarbon (uncorrected),,,,,,,,-18.1,-69.5
358040,Michinmahuida,12272,Confirmed Eruption,,,,,-5500,150,0,,0,,Radiocarbon (corrected),,,,,,,,-42.799,-72.445
358020,Calbuco,12240,Confirmed Eruption,,4,,,-5820,880,0,,0,,Tephrochronology,,,,,,,,-41.33,-72.618
357093,Tolhuaca,22166,Confirmed Eruption,,3,,,-5857,243,,,,,Uncertain,,,,,,,,-38.31,-71.645
358050,Corcovado,12302,Confirmed Eruption,,,,,-6030,100,0,,0,,Radiocarbon (uncorrected),,,,,,,,-43.189,-72.794
358020,Calbuco,20865,Confirmed Eruption,,,,,-6300,1035,,,,,Tephrochronology,,,,,,,,-41.33,-72.618
358050,Corcovado,12301,Confirmed Eruption,,,,,-6640,770,0,,0,,Tephrochronology,,,,,,,,-43.189,-72.794
358049,Yanteles,12276,Confirmed Eruption,,,,?,-6650,,0,,0,,Tephrochronology,,,,,,,,-43.469,-72.782
358041,Chaiten,20854,Confirmed Eruption,,,,,-6650,1300,,,,,Tephrochronology,,,,,,,,-42.833,-72.646
357120,Villarrica,12089,Confirmed Eruption,,4,P,?,-6690,,0,,0,,Radiocarbon (uncorrected),,,,,,,,-39.42,-71.93
358020,Calbuco,12239,Confirmed Eruption,,5,,,-6760,825,0,,0,,Tephrochronology,,,,,,,,-41.33,-72.618
357110,Llaima,12021,Confirmed Eruption,,5,,,-6880,75,0,,0,,Radiocarbon (uncorrected),,,,,,,,-38.692,-71.729
357070,"Chillan, Nevados de",11963,Confirmed Eruption,Volcán Viejo,,,,-6890,500,0,,0,,Radiocarbon (uncorrected),,,,,,,,-36.868,-71.378
358049,Yanteles,12275,Confirmed Eruption,,,,,-7240,150,0,,0,,Radiocarbon (uncorrected),,,,,,,,-43.469,-72.782
355100,Lascar,11845,Confirmed Eruption,Lascar II (Tumbres scoria flow),,,?,-7250,,0,,0,,Radiocarbon (uncorrected),,,,,,,,-23.37,-67.73
358070,"Burney, Monte",12324,Confirmed Eruption,,,,,-7390,200,0,,0,,Tephrochronology,,,,,,,,-52.33,-73.4
357110,Llaima,12020,Confirmed Eruption,,,,,-7410,300,0,,0,,Radiocarbon (uncorrected),,,,,,,,-38.692,-71.729
358070,"Burney, Monte",12323,Confirmed Eruption,,5,,,-7450,500,0,,0,,Radiocarbon (corrected),,,,,,,,-52.33,-73.4
357120,Villarrica,12088,Confirmed Eruption,,0,,,-7520,900,0,,0,,Tephrochronology,,,,,,,,-39.42,-71.93
358020,Calbuco,20864,Confirmed Eruption,,4,,,-7550,45,,,,,Radiocarbon (corrected),,,,,,,,-41.33,-72.618
358041,Chaiten,12270,Confirmed Eruption,,5,,,-7750,200,0,,0,,Radiocarbon (corrected),,,,,,,,-42.833,-72.646
357080,Antuco,11994,Confirmed Eruption,,,,?,-7750,,0,,0,,Radiocarbon (uncorrected),,,,,,,,-37.406,-71.349
355011,Taapaca,11802,Confirmed Eruption,,,,,-7900,75,0,,0,,Radiocarbon (uncorrected),,,,,,,,-18.1,-69.5
358020,Calbuco,20863,Confirmed Eruption,,,,,-7930,275,,,,,Tephrochronology,,,,,,,,-41.33,-72.618
358020,Calbuco,20862,Confirmed Eruption,,,,,-7990,290,,,,,Tephrochronology,,,,,,,,-41.33,-72.618
358057,"Hudson, Cerro",12283,Confirmed Eruption,,,,?,-8010,,0,,0,,Radiocarbon (uncorrected),,,,,,,,-45.9,-72.97
358020,Calbuco,20861,Confirmed Eruption,,,,,-8100,1300,,,,,Tephrochronology,,,,,,,,-41.33,-72.618
358020,Calbuco,20860,Confirmed Eruption,,,,,-8210,290,,,,,Tephrochronology,,,,,,,,-41.33,-72.618
358020,Calbuco,20859,Confirmed Eruption,,,,,-8320,250,,,,,Tephrochronology,,,,,,,,-41.33,-72.618
358040,Michinmahuida,20855,Confirmed Eruption,,6,,,-8400,150,,,,,Radiocarbon (corrected),,,,,,,,-42.799,-72.445
358020,Calbuco,20858,Confirmed Eruption,,5,,,-8460,155,,,,,Radiocarbon (corrected),,,,,,,,-41.33,-72.618
357121,Quetrupillan,22351,Confirmed Eruption,,3,,,-10658,29,,,,,Radiocarbon (corrected),,,,,,,,-39.496,-71.722
357121,Quetrupillan,22352,Confirmed Eruption,,3,,,-11345,932,,,,,Radiocarbon (corrected),,,,,,,,-39.496,-71.722